"source_root","snapshot_root","relative_path","bytes","sha256"
"S:\Xilog Plus","xilog_plus","axis.ini","11527","42E1F409DD238F5FC7F11B25F2F96836454B783358AF1D61F300B45D67427F8C"
"S:\Xilog Plus","xilog_plus","Cfg\__paddle.ini","11465","368C9861465AE0E96509E82BE4236613ED049B6DC877B1C58BF4195D934F353D"
"S:\Xilog Plus","xilog_plus","Cfg\_gendata.cfg","1050","D326FBBF70B170074608A2EF6DF1FA09D8C8A3EE81216D97F1FBCE749D75184B"
"S:\Xilog Plus","xilog_plus","Cfg\_paddle.ini","4047","22D180A10425AE3532AD939919BB1089B3EED130C62526508DCD7ECB206794DA"
"S:\Xilog Plus","xilog_plus","Cfg\axis.cfg","16335","042FF90C95ECC813A703E01E6BA9E9D2E299DB695A8DB801398CB9FDF5AAF712"
"S:\Xilog Plus","xilog_plus","Cfg\Axis.ini","11414","CB7A0F3EFAEEB2B4C85C903437E7CDFA55C0EB1771DC987D04F881C1E8628FB9"
"S:\Xilog Plus","xilog_plus","Cfg\bcr.cfg","1080","7A9FB73A382562A4F6A43D2E2C5E3AD4E9F7C50B4C8ED504A4856CD2EDA72EF5"
"S:\Xilog Plus","xilog_plus","Cfg\BeR.ini","17","B5AAF6D3F9C479DE7A98015D6E5D23F84FFFE155B062575DF0E410947EAE041A"
"S:\Xilog Plus","xilog_plus","Cfg\cad.cfg","1740","52B2A39BA1E083D2463552FB43AFCAD42337481BB24F704C7DD20323AB7173EF"
"S:\Xilog Plus","xilog_plus","Cfg\can.str","29638","191B58A7F00B98F8E2CCA6B980E93716D3525FE6ACFD144E2A81F1F786F0C7C3"
"S:\Xilog Plus","xilog_plus","Cfg\ced.str","1621","2BD9DEA7010B34EB99B866532A69DE26AD6016AEDBC81E3DC7194EC4A0BE8453"
"S:\Xilog Plus","xilog_plus","Cfg\Chip.ini","536","064AD763C7E1485F01759CC38EDB7AE59B8939700959AA224ED981E8DD22DC8A"
"S:\Xilog Plus","xilog_plus","Cfg\clamps.cfg","19305","BE7EC3467E6351C5E883268FAF2491647DF04BBEA8A303871DE0FFFB1C465F43"
"S:\Xilog Plus","xilog_plus","Cfg\CMD.INI","107","6C3BF912463AB358B256F5EC81F55EB4F7B6D78F3AA888AE44F94BE6DAFC9E69"
"S:\Xilog Plus","xilog_plus","Cfg\cnfax.str","19256","737CE772522F5A79E5876BB97E9278C2AC20E28EFE08EBD4174985273F467CF1"
"S:\Xilog Plus","xilog_plus","Cfg\cnfch.str","2093","A0C3B4CC11DE1E88ECCE3DCA8520999F561CEC0025A2FE64D8E787CFB689CA87"
"S:\Xilog Plus","xilog_plus","Cfg\cnfge.str","7499","19924AA95F19D7C49334B7D656BD7347176EC35F721AFDFBDED64B7DC6CAD66F"
"S:\Xilog Plus","xilog_plus","Cfg\CnfPLC.str","79","EADA03EA2E8E9FE5C15B740003928FE30DEE69678D92D9EC724C115704E81E7A"
"S:\Xilog Plus","xilog_plus","Cfg\CnfPLC_46_2.str","79","EADA03EA2E8E9FE5C15B740003928FE30DEE69678D92D9EC724C115704E81E7A"
"S:\Xilog Plus","xilog_plus","Cfg\country.cfg","119","E2AE51CCE2C49C36BB9844669633E05608ED08500091773529216F948334C1DC"
"S:\Xilog Plus","xilog_plus","Cfg\czo.str","21128","FAC1F793247F52DE932BCE9BF8E111F18646401986507CD807809F26F2B7B209"
"S:\Xilog Plus","xilog_plus","Cfg\dgt.str","26","7D315017330A26020C3AEC4F58C2D532AAE381878E565DECBE1023443BDAA41D"
"S:\Xilog Plus","xilog_plus","Cfg\Env.cfg","184","CF78396F46721D1FF678834639B9EB9FCED4391F396D30232AD2AA97E770369A"
"S:\Xilog Plus","xilog_plus","Cfg\Epl.ini","81","4025500D0A2801F497094FDF21D1F79E584269921BC6EAB62A4E5293E5DD03B8"
"S:\Xilog Plus","xilog_plus","Cfg\EplSetting.ini","26","04716F21A4D61FE562B5C7704062FB2D05950E431F1D888EACC20532BB0C8807"
"S:\Xilog Plus","xilog_plus","Cfg\fdc.str","1410","3A14A5D9A172446B6F3AC8156E4A727F39EF51BA393C92313F73DB3DEB2DDF58"
"S:\Xilog Plus","xilog_plus","Cfg\fields.cfg","7650","49193A3E85A73186D7BF672C3EAB58D2CD4778132C18CEF17F0182011BAC9AC1"
"S:\Xilog Plus","xilog_plus","Cfg\filtercn.cfg","0","E3B0C44298FC1C149AFBF4C8996FB92427AE41E4649B934CA495991B7852B855"
"S:\Xilog Plus","xilog_plus","Cfg\gantry.str","459","69D3DABAB9642345A136F9D4A5046BD867470B784FD44569AC2431CDDB784FDF"
"S:\Xilog Plus","xilog_plus","Cfg\gendata.cfg","1050","D030AEEC0962D0C08EE2F4E6DC68DC31891A0E289070D20DBD386F3A960AE0B8"
"S:\Xilog Plus","xilog_plus","Cfg\geoch.str","2163","F0C9680DB607E681F0D8E0922EB6FEEA8093A9B1368EFF5018A3A394DB187C20"
"S:\Xilog Plus","xilog_plus","Cfg\groups.cfg","1533","278AF1E8F03B2CA8F0C2233341C678A91CBA10677498FA5079DF0C51CB7F9950"
"S:\Xilog Plus","xilog_plus","Cfg\hoods.cfg","300","B8873C80F9EADA1107CF7FD7B0491BCD59AEE39A00AFB3EBDFE2C704630E16BC"
"S:\Xilog Plus","xilog_plus","Cfg\Kvara.ini","26","0FD40161A85062B4ED3641CED41D845B52A01DF05F0EB61D1A688660DBDFF11B"
"S:\Xilog Plus","xilog_plus","Cfg\LIBSUPP .CFG","56529","276F699C6831F5956BA979E439A9464E7C1453C1B6239A2DE7AC68321735297E"
"S:\Xilog Plus","xilog_plus","Cfg\LIBSUPP.CFG","57934","656319BAA0800C20C386021201A8A608FF9E1C8B83819228B9C5147E4E1EBF11"
"S:\Xilog Plus","xilog_plus","Cfg\machines.cfg","2480","C7D9353C66120C6792D3E5734F5967A88CE1BA5A2970ED010C34F0032A646D71"
"S:\Xilog Plus","xilog_plus","Cfg\mag.str","4281","49DB6799CCA887C636D3320AD41F51A9FD985522B1C1516C2AF23801CDC84317"
"S:\Xilog Plus","xilog_plus","Cfg\mdi_gl01.ini","236","CD4200D40794B4BCCFC7558036E47D431DC51DE44719C8534063D367806C79AA"
"S:\Xilog Plus","xilog_plus","Cfg\mdi_gl02.ini","804","B28000B5B4ED59390A7E0DF23C420BD2EC1D58595C7162C8D52C51D70AB508B2"
"S:\Xilog Plus","xilog_plus","Cfg\multifunz .cfg","16335","EA85E16D88BDBF80937A042FC0DB603C5FD78FC8D589EE471BA6E7D3B60394A7"
"S:\Xilog Plus","xilog_plus","Cfg\multifunz.cfg","16335","03E7462D2334935D099754AD219B18CCEC59D69DCEDFCB22CAC8CEA339C1E7D9"
"S:\Xilog Plus","xilog_plus","Cfg\Multifunz.ini","387","FE94DA52BE2D8614D1312820504AB746D5B5AAB78FAC6A4C6B9C6C366F613531"
"S:\Xilog Plus","xilog_plus","Cfg\NCI.CFG","698","42881AE11D809FEBB2E1F12F76E012777815DD16AB818A305D5C511C040A900E"
"S:\Xilog Plus","xilog_plus","Cfg\Nci.ini","218","81527C54109A69BF99CFC9A02121E2FC1C74F7A2BE41F732C4E1DDE03EFFA6BC"
"S:\Xilog Plus","xilog_plus","Cfg\NCI_ORI.CFG","552","B313356F2B35AD4233990BF271F4DED2D44D0B788F80A9F82577B7CD55B2BB50"
"S:\Xilog Plus","xilog_plus","Cfg\oheads.cfg","295","67E25AE75C358F90BCE2C40472010C19891FE31E5508A6D52D257F80C1273527"
"S:\Xilog Plus","xilog_plus","Cfg\org.str","842","B4777323F4D787EB48E82CADE975FE4DC98B94C1D1E75814F933EAD832174FD3"
"S:\Xilog Plus","xilog_plus","Cfg\paddle.ini","11451","4B65DC542D6D2D90684ACF670D6AFF386D2926C069B9198D79CFA0B58ABD0C1B"
"S:\Xilog Plus","xilog_plus","Cfg\par.str","1566","AB780EBEAD805C1BC682B336EEC9501FFF76F4BCCC716DCBFC84724FB5E9E88F"
"S:\Xilog Plus","xilog_plus","Cfg\Params.cfg","66507","C04931C8A4F71B010F767A9B85C640FD07ED011943E1448F0D880CA47D52FBDD"
"S:\Xilog Plus","xilog_plus","Cfg\parax.str","47081","6E4022DF6975684D23FD883848C025C1C5BEAAEC86C51B55B4B2F02E66BC04B2"
"S:\Xilog Plus","xilog_plus","Cfg\parch.str","3802","E62241DB82A20FDDE33942229BB5A2B24479EEA7B934119AB25ED5C37AC6B052"
"S:\Xilog Plus","xilog_plus","Cfg\Parsifal.ini","8","783DD14C1E029EE5B67DE869CF87D3BA132EC083629DAF1FFDE589DE698B3D76"
"S:\Xilog Plus","xilog_plus","Cfg\passwd.cfg","199","746DB6F4F5D8D9D0FC481A9F165CED7678EAF92F43397EA989FF9671343284C8"
"S:\Xilog Plus","xilog_plus","Cfg\pheads.cfg","151320","B67D398B24A40518BA0B5156A8507A45805120165F70FB46F43B1E94B49D1A40"
"S:\Xilog Plus","xilog_plus","Cfg\probe.str","2141","1463D1EEAA700742EA53096F4F5B90E210882AAE64C0556D720A5A34F4C621BA"
"S:\Xilog Plus","xilog_plus","Cfg\REL.CFG","35","7F3B31253E9E157EF601EBB2275E19C28EF4A0BC64924F2AA57BB2CFD69583E8"
"S:\Xilog Plus","xilog_plus","Cfg\RELCNC.CFG","83","D7CE24FF0DDA5D1B79C914E313017777376FA90F9B7F6AE4F929D26D25362D8A"
"S:\Xilog Plus","xilog_plus","Cfg\rs232.cfg","3075","5CC9623B5B4744D18D5D37B6E68FD0A53C9BEAD47EB1FC58077140BDD6E80962"
"S:\Xilog Plus","xilog_plus","Cfg\speeds.cfg","930","CD5E5E03D5159B5283900F760398129FA47D90073EFF5711BB226CE645C94C96"
"S:\Xilog Plus","xilog_plus","Cfg\spindles.cfg","630000","A50C62A3279A55733FF40DA887EF944F4F6E54F7C3341BF87650DCF5D1377C54"
"S:\Xilog Plus","xilog_plus","Cfg\spindles1.cfg","61110","643F70DF531C186B1740C328AAA1C1CDF04B84966E5DD9997B17FE64CDD2AF66"
"S:\Xilog Plus","xilog_plus","Cfg\storedat.cfg","956","C62F609E95AD925FDBB6C1B5F27E303630CD38D319043A3CCEBDFCF1CE152B93"
"S:\Xilog Plus","xilog_plus","Cfg\storepos.cfg","135240","E137F6FDA541DB062E8ED3B72D4901AAE7682FD0A07838545CF2E0F443244E58"
"S:\Xilog Plus","xilog_plus","Cfg\supports.cfg","70290","24E1F9619391B7E1EC6EB45DEA5517114FA6956B168189800763B12A87D97B51"
"S:\Xilog Plus","xilog_plus","Cfg\table.cfg","0","E3B0C44298FC1C149AFBF4C8996FB92427AE41E4649B934CA495991B7852B855"
"S:\Xilog Plus","xilog_plus","Cfg\thd.str","1113","145039B4762AC04F4056AD0D55147B9C07EFED58C32C1EE751168643F130FD69"
"S:\Xilog Plus","xilog_plus","Cfg\Tools.ini","31","87F7CCCE18277F99D01308791AE5A02AF0741715433E19AE6F8E04D2E226E722"
"S:\Xilog Plus","xilog_plus","Cfg\toplib.cfg","26","700D18E0B3732E57BAB613FE3566250EC74D342A823459AFB3BA0EFFE17D00C0"
"S:\Xilog Plus","xilog_plus","Cfg\torcia.str","831","59326339FB11B5174A8A89E822311C69C6940696C824130F1F4911EC0B7007D6"
"S:\Xilog Plus","xilog_plus","Cfg\twi.str","4934","5B71430A9D5B2C209AB1E49985E1981052649A7D63220B72E44EA56AD9D2ABA8"
"S:\Xilog Plus","xilog_plus","Cfg\userdll.str","276","779D44C4FD53CB50CF451B814CBB230D919A5480D7765A1131E07DB3D0E95DF3"
"S:\Xilog Plus","xilog_plus","Cfg\ut.str","2975","E7017E4210E886D8083413BEBDCAF468CC8A0015090ECEC5228A9D56F711E2E8"
"S:\Xilog Plus","xilog_plus","Cfg\uzone.cfg","10530","8CF69BD7D1EF447C2CF0724660B0CB37D4990B394C1D0DFF747839669AAA5A93"
"S:\Xilog Plus","xilog_plus","Cfg\vacuum.cfg","528","736CBB93571E8FDCB49AFFCFD3676811A733F8DFD2DA58B3911F70B40EFBD9A6"
"S:\Xilog Plus","xilog_plus","Cfg\vis_tool.ini","5","B26B424B6443F3E3E103573E32195F878A1AB41344E9DDA738C369760EB99EDB"
"S:\Xilog Plus","xilog_plus","Cfg\wear.str","1755","3D1713B31D644DA59AED01758CD9EEDC86A1DFE91A12C9ECD07292C7D50AE00E"
"S:\Xilog Plus","xilog_plus","Cfg\xilog3.cfg","1081","29DC912EAC8C85ABEF91F5E655084CFAE13531F14623414C3DB776E9701D456F"
"S:\Xilog Plus","xilog_plus","Cfg\Xilog3.ini","725","2724460FCFC367F2418ACE2B6ADD633E00D58E394DA01551A3A2B11591BF9F43"
"S:\Xilog Plus","xilog_plus","Cfg\Ximula.cfg","29","37DCAFB0E3AB04010F0AAF9D8BC32FBCEC3B3EDD2ACD60F3564C84007C19A4AC"
"S:\Xilog Plus","xilog_plus","Cfg\xzone.cfg","10530","D163083E7D0EE9B9270AB0D1AAE22F6D42F48FD50FA0B72D469B71F650FF641C"
"S:\Xilog Plus","xilog_plus","Cfg\yzone.cfg","10530","60B23144921E772497D22CA8AEDDBCFD5B72A6DA742BE4003FAFC24CC8471C5B"
"S:\Xilog Plus","xilog_plus","Job\def.tlg","2008995","54760EFD4A87D0F712CC33C1BC189E6AC043DD080FAC6B6146A90EEB9DB4A9CF"
"S:\Maestro\Cfgx","maestro_cfgx","Head.cfg","306","2A438F6FE3643F2E4D627CE6EE8916AC5CB74935A0D54C3C31D345E498398251"
"S:\Maestro\Cfgx","maestro_cfgx","Maestro.rel","13","99CFEAE6875FF4FE849E4043F6A44CAD22558BBE3627F6C468D2EE479A43E61B"
"S:\Maestro\Cfgx","maestro_cfgx","Programaciones.settingsx","6188","A6F848BCE1DA7D74F70ED693A862E201C82942E59A4DBF1CC5B3A32886FBED29"
"S:\Maestro\Tlgx","maestro_tlgx","def.old","70347","6B1A69033649B30CAC04BFB873ABEF6AFFFF9C53BB2C9B6C6166E0C89D6C7896"
"S:\Maestro\Tlgx","maestro_tlgx","def.tlgx","73449","374242D517AEC5AC455AAACB9C9361589F3EE903B7F5DC95718F440442610158"
"S:\Maestro\Tlgx","maestro_tlgx","LXLVIEW.INI","56","64A25047EAB3779AD8FF5EF594F6C7F3A2EC7FC98256268B2FC922ECA69B591D"
